device_location_id	device_location_descr
2147490970	
2147575378	
2147490649	
2147488014	
2147489753	
2147493258	
2147493267	
2147525155	
2147491720	
2147489670	
2147490882	
2147490588	
2147486174	
2147493248	
2147487981	
2147493205	
2147494749	
2147575151	
2147491851	
2147493260	
2147485969	
2147493469	
2147491886	
2147487957	
2147491890	
2147486424	
2147493295	
2147488043	
2147487392	
2147501500	
2147494466	
2147575360	
2147486316	
2147488173	
2147493288	
2147501456	
2147488194	
2147493284	
2147575354	
2147493307	
2147484773	
2147493208	
2147497252	
2147484762	
2147489732	
2147504508	
2147494449	
2147575150	
2147490574	
2147487987	
2147492774	
2147490862	
2147490488	
2147494758	
2147509052	
2147494766	
2147486336	
2147525249	
2147491694	
2147499465	
2147501457	
2147500457	
2147489719	
2147575362	
2147493279	
2147507466	
2147490841	
2147500761	
2147489674	
2147487958	
2147488009	
2147498764	
2147490806	
2147504513	
2147486346	
2147491873	
2147493211	
2147490900	
2147501514	
2147493209	
2147489881	
2147493271	
2147492766	
2147575375	
2147575365	
2147493216	
2147507455	
2147486414	
2147493204	
2147491892	
2147494753	
2147486369	
2147497257	
2147575364	
2147490617	
2147490549	
2147483853	
2147508057	
2147490573	
2147487340	
2147490953	
2147511748	
2147492768	
2147490491	
2147491919	
2147490523	
2147490637	
2147493463	
2147486348	
2147493240	
2147486271	
2147488181	
2147490960	
2147488200	
2147488186	
2147494750	
2147488026	
2147508054	
2147493448	
2147500766	
2147498765	
2147500768	
2147486325	
2147493264	
2147483652	
2147490670	
2147491912	
2147575349	
2147490886	
2147489761	
2147487960	
2147489885	
2147508066	
2147575363	
2147493201	
2147490894	
2147488198	
4211094409	Westlake
2147488042	
2147488045	
2147490856	
2147491707	
2147490548	
2147487266	
2147491941	
2147494763	
2147490853	
2147490639	
2147493202	
2147500758	
2147494757	
2147486306	
2147490851	
2147490683	
2147490510	
2147488178	
2147490869	
2147490718	
2147488174	
2147490753	
2147498757	
2147493291	
2147501506	
2147487312	
2147486269	
2147491898	
2147488175	
2147493449	
2147490807	
2147489710	
2147489765	
2147493751	
2147493285	
2147575380	
2147488032	
2147494752	
2147487363	
2147493266	
2147490688	
2147487253	
2147487396	
2147499450	
2147499448	
2147494459	
2147488029	
2147491858	
2147486360	
2147490653	
2147490877	
2147487376	
2147493259	
2147490689	
2147490747	
2147489711	
2147493303	
2147488205	
2147488184	
2147487359	
2147491805	
2147490707	
2147498759	
2147511749	
2147508063	
2147501510	
2147494457	
2147494454	
2147484817	
2147486368	
2147491864	
2147490708	
2147490619	
2147488021	
2147493302	
2147501453	
2147509048	
2147493261	
2147488204	
2147493454	
2147488052	
2147487334	
2147500451	
2147488023	
2147575355	
2147487319	
2147490575	
2147490535	
2147490665	
2147493282	
2147491877	
2147490725	
2147487379	
2147575374	
2147493212	
2147488031	
2147490726	
2147494755	
2147494764	
2147498762	
2147491878	
2147490858	
2147487310	
2147494463	
2147575376	
2147492741	
2147575371	
2147499449	
2147492769	
2147492764	
2147491925	
2147491911	
2147490964	
2147493292	
2147490892	
2147493187	
2147487963	
2147487344	
2147491863	
2147511754	
2147575359	
2147493214	
2147490483	
2147493289	
2147492861	
2147489671	
2147491712	
2147493252	
2147575379	
2147509460	
2147501504	
2147501449	
2147575373	
2147488171	
2147491649	
2147491728	
2147488183	
2147486448	
2147491938	
2147501452	
2147486307	
2147491689	
2147487978	
2147494760	
2147493380	
2147490723	
2147493450	
2147486287	
2147486046	
2147490902	
2147499459	
2147484751	
2147491943	
2147493456	
2147489673	
2147487069	
2147501461	
2147490878	
2147490668	
2147491926	
2147487988	
2147511450	
2147490857	
2147497260	
2147509453	
2147499453	
2147487971	
2147490850	
2147490881	
2147575153	
2147501513	
2147486331	
2147486318	
2147501498	
2147500452	
2147501450	
2147488188	
2147489862	
2147507459	
2147488158	
2147488041	
2147490560	
2147486421	
2147487373	
2147490618	
2147492773	
2147488011	
2147490520	
2147491887	
2147493306	
2147493290	
2147509051	
2147490711	
2147486327	
2147490774	
2147491868	
2147490516	
2147489762	
2147489678	
2147486518	
2147486281	
2147493452	
2147491914	
2147500454	
2147490685	
2147490743	
2147490879	
2147490880	
2147487258	
2147490651	
2147509461	
2147501508	
2147491916	
2147490885	
2147487959	
2147487966	
2147489871	
2147489680	
2147575352	
2147491702	
2147499462	
2147509449	
2147491855	
2147490741	
2147491809	
2147486364	
2147491679	
2147490572	
2147575372	
2147489651	
2147486262	
2147575368	
2147494748	
2147500752	
2147491667	
2147491930	
2147487989	
2147486405	
2147493286	
2147486428	
2147486319	
2147489676	
2147486394	
2147491650	
2147490542	
2147490500	
2147490545	
2147491658	
2147488153	
2147490724	
2147486381	
2147483649	
2147490621	
2147490604	
2147500748	
2147575369	
2147575351	
2147491913	
2147491860	
2147491695	
2147500753	
2147501459	
2147494451	
2147490733	
2147486376	
2147491856	
2147490712	
2147487138	
2147489740	
2147501460	
2147483655	
2147491881	
2147486268	
2147488160	
2147491709	
2147490876	
2147487328	
2147486257	
2147490627	
2147487265	
2147490643	
2147491714	
2147575357	
2147494771	
2147494762	
2147509054	
2147491882	
2147486435	
2147486459	
2147490752	
2147486398	
2147488050	
2147491701	
2147500456	
2147493213	
2147507453	
2147493203	
2147507469	
2147490701	
2147488170	
2147492744	
2147509059	
2147511451	
2147493352	
2147491870	
2147490808	
2147490635	
2147486379	
2147491865	
2147486270	
2147486109	
2147497258	
2147491687	
2147488172	
2147490699	
2147490587	
2147507475	
2147488169	
2147491915	
2147509463	
2147500449	
2147507473	
2147494450	
2147487321	
2147491730	
2147491690	
2147490836	
150994947	Seattle King Street
2147487999	
2147509448	
2147499467	
2147491708	
2147492738	
2147488025	
2147490771	
2147493265	
2147488046	
2147484840	
2147490700	
2147490713	
2147488196	
2147486415	
2147491853	
2147486453	
2147493467	
2147493256	
2147484779	
2147488010	
2147488047	
2147498750	
2147494462	
2147488202	
2147487360	
2147491688	
2147489746	
2147491850	
2147492852	
2147491716	
2147494458	
2147499469	
2147501499	
2147486253	
2147488003	
2147487305	
2147486407	
2147491655	
2147487156	
2147488162	
2147492730	
2147575152	
2147490554	
2147491706	
2147493233	
2147493195	
2147490865	
2147488154	
2147488209	
2147490884	
2147490895	
2147500756	
2147490729	
2147486425	
2147490745	
2147490598	
2147491918	
2147489859	
2147490755	
2147525161	
2147499460	
2147500759	
2147498754	
2147498753	
2147487004	
2147487969	
2147490487	
2147487322	
2147491857	
2147488039	
2147490889	
2147493298	
2147493280	
2147500453	
2147501505	
2147501501	
2147493451	
2147490735	
2147492739	
2147575370	
2147493210	
2147500755	
2147511753	
2147490476	
2147488057	
2147490603	
2147489663	
2147490950	
2147490905	
2147504517	
2147486371	
2147490965	
2147490860	
2147494767	
2147493243	
2147499461	
2147490768	
2147490826	
2147490655	
2147487308	
2147491908	
2147491717	
2147508068	
2147486458	
2147507460	
2147575367	
2147575358	
2147493275	
2147486276	
2147490719	
2147489876	
2147490480	
2147493375	
2147490647	
2147491049	
2147489682	
2147491662	
2147490821	
2147491723	
2147486322	
2147487375	
2147491872	
2147486353	
2147488207	
2147490972	
2147491945	
2147489649	
2147491869	
2147489855	
2147489744	
2147490656	
2147504510	
2147494452	
2147498752	
2147493231	
2147490737	
2147493270	
2147487985	
2147489648	
2147490746	
2147488044	
2147493370	
2147489699	
2147487307	
2147490899	
2147490967	
2147486419	
2147498751	
2147511756	
2147575366	
2147498748	
2147491673	
2147508065	
2147490578	
2147493358	
2147490595	
2147491889	
2147490682	
2147490661	
2147492952	
2147487366	
2147490868	
2147491899	
2147488018	
2147486397	
2147500757	
2147484150	
2147492859	
2147489698	
2147490528	
2147487956	
2147486969	
2147492763	
2147486267	
2147494769	
2147499468	
2147509450	
2147487317	
2147488056	
2147494469	
2147494460	
2147487337	
2147494751	
2147662289	
2147488151	
2147487355	
2147490512	
2147487374	
2147490696	
2147491939	
2147487335	
2147508048	
2147493300	
2147493294	
2147488208	
2147487336	
2147487264	
2147499454	
2147575356	
2147491862	
2147487397	
2147491895	
2147490715	
2147486378	
2147490871	
2147487271	
2147490602	
2147508059	
2147508067	
2147491749	
2147490466	
2147491947	
2147494768	
2147499455	
2147491922	
2147486377	
2147490720	
2147509053	
2147493207	
2147490781	
2147508058	
2147491669	
2147491818	
2147490515	
2147498760	
2147490748	
2147486354	
2147486250	
2147484152	
2147489849	
2147500765	
2147488156	
2147493199	
2147494470	
2147491719	
2147486305	
2147493281	
2147491932	
2147486401	
2147501509	
2147493242	
2147490846	
2147486395	
2147575149	
2147499464	
2147489874	
2147489731	
2147500764	
2147490714	
2147490952	
2147494761	
2147488157	
2147508049	
2147493272	
2147493455	
2147490730	
2147492868	
2147491684	
2147487388	
2147511751	
2147498761	
2147486373	
2147487955	
2147490763	
2147488189	
2147497259	
2147493276	
4211091568	Capitol Hill Station
2147508056	
2147501507	
2147490678	
2147488053	
2147493273	
2147489720	
2147489873	
2147491879	
4177535849	Broadway/E Denny NB
2147500763	
2147494464	
2147494461	
2147486106	
2147490489	
2147485730	
2147494770	
2147491670	
2147489656	
2147507472	
2147493296	
2147487369	
2147491874	
2147490695	
2147486358	
2147491703	
2147488030	
2147487964	
2147499457	
2147491846	
2147490901	
2147492854	
2147486363	
2147493382	
2147488177	
2147497255	
2147491692	
2147493238	
2147490890	
2147486329	
2147491722	
2147499451	
2147493278	
2147486356	
2147483838	
2147494754	
2147493385	
2147490529	
2147487383	
2147489861	
2147483850	
2147504511	
2147490897	
2147493241	
2147500760	
2147487304	
2147490840	
2147486301	
2147490859	
2147491909	
2147487327	
2147487986	
2147487259	
2147489668	
2147501503	
2147488016	
2147487948	
2147498755	
2147487404	
2147490863	
2147509451	
2147490968	
2147489713	
2147488168	
2147490722	
2147511752	
2147490577	
2147486404	
2147493361	
2147491876	
2147487318	
2147500767	
2147511750	
2147489697	
2147497249	
2147488163	
2147491729	
2147511449	
2147489718	
2147507465	
2147501448	
2147488013	
2147490888	
2147525163	
2147489705	
2147490721	
2147490478	
2147525153	
2147487814	
2147486324	
2147498758	
2147491900	
2147497248	
2147489741	
2147486411	
2147497250	
2147500455	
2147492765	
2147504505	
2147491859	
2147493384	
2147487348	
2147493301	
2147486292	
2147490628	
2147490600	
2147487997	
2147507462	
2147490652	
2147489654	
2147500762	
2147499452	
2147504519	
2147486392	
2147490812	
2147490736	
2147491686	
2147498766	
2147490633	
2147490702	
2147493221	
2147489701	
2147490759	
2147486412	
2147490798	
2147489666	
2147491663	
2147500770	
2147490907	
2147575361	
2147490727	
2147489757	
2147494759	
2147488051	
2147487992	
2147487315	
2147490767	
2147490629	
2147490855	
2147491935	
2147494765	
2147500769	
2147498756	
2147490803	
2147491691	
2147486443	
2147509452	
2147490569	
2147487293	
2147545049	
2147489884	
2147488015	
2147490631	
2147511452	
2147484163	
2147493371	
2147483867	
2147489650	
2147493462	
2147490761	
2147490852	
2147509058	
2147486338	
2147487995	
2147486399	
2147488206	
2147511755	
2147490681	
2147490530	
2147491944	
2147487952	
2147483763	
2147488176	
2147487984	
2147501458	
2147489850	
2147486418	
2147493369	
2147492949	
2147487386	
2147493253	
2147498763	
2147487368	
2147511757	
2147490534	
2147509456	
2147490957	
2147492956	
2147507452	
2147486265	
2147491654	
2147486297	
2147488038	
2147486908	
2147486352	
2147487338	
2147488211	
2147486380	
2147490710	
2147487974	
2147493206	
2147511455	
2147492767	
2147488024	
2147489848	
2147493179	
2147509462	
2147489867	
2147491940	
2147491050	
2147491866	
2147509457	
2147486272	
2147493255	
2147490584	
2147489665	
2147500772	
2147498749	
2147497251	
2147486444	
2147486445	
2147490576	
2147489756	
2147487349	
2147511759	
2147488179	
2147507461	
2147490571	
2147511453	
2147490608	
2147490632	
2147491732	
2147490477	
2147491822	
2147489889	
2147493229	
2147484155	
2147486320	
2147504506	
2147490570	
2147493232	
2147490732	
2147489723	
2147486393	
2147489652	
2147491652	
2147493304	
2147488185	
2147488019	
2147490744	
2147491756	
2147490794	
2147489749	
2147493222	
150994945	Everett
2147490579	
2147493287	
2147507471	
2147486274	
2147483949	
2147494468	
2147490959	
2147486430	
2147489736	
2147487289	
2147491791	
2147493297	
2147487313	
2147499456	
2147487378	
2147509459	
2147490969	
2147509055	
2147490765	
2147489653	
2147483956	
2147486389	
2147501451	
2147494756	
2147500773	
2147488187	
2147491727	
2147489672	
2147491681	
2147493234	
2147491867	
2147490601	
2147491933	
2147491902	
2147491928	
2147489764	
2147489745	
2147491861	
2147490672	
2147500448	
2147490590	
2147486442	
2147494456	
2147487370	
2147491871	
2147500751	
2147508052	
2147493470	
2147500450	
2147486460	
2147499466	
2147489879	
2147487316	
2147487148	
2147490508	
2147500771	
2147489679	
2147484786	
2147486344	
2147492771	
2147487268	
2147493348	
2147490792	
4211094420	Tukwila Intl Blvd
2147487343	
2147490739	
4211091567	UW Station
2147499458	
2147486341	
2147490524	
2147509454	
2147488149	
2147490742	
2147486357	
2147489690	
2147508060	
2147486359	
2147508053	
2147490693	
2147490835	
2147489700	
2147511448	
2147500749	
2147491770	
2147491721	
2147487357	
2147490772	
2147493283	
2147487350	
2147490782	
2147490738	
2147490766	
2147483972	
2147490706	
2147488159	
2147487287	
2147490756	
2147508055	
2147488028	
2147488166	
2147487257	
2147488001	
2147487977	
2147488203	
2147490754	
2147487382	
2147494453	
2147488161	
2147497254	
2147484437	
2147488027	
2147487284	
2147490760	
2147509458	
2147486345	
2147490506	
2147494448	
2147490513	
2147493458	
2147487361	
2147491725	
2147490522	
2147491671	
2147487276	
2147490769	
2147490650	
2147489888	
2147487285	
2147490734	
2147488167	
2147486342	
2147488017	
2147489747	
2147491937	
2147491907	
2147490770	
2147489730	
2147486343	
2147490687	
2147487398	
2147511758	
2147490740	
2147490680	
2147487965	
2147483852	
2147490751	
2147487402	
2147487346	
2147488164	
2147486396	
2147486255	
2147488033	
2147491920	
2147486452	
2147490728	
2147484402	
2147487401	
2147486258	
2147487275	
2147490816	
2147491731	
2147488012	
2147501502	
2147487272	
2147488210	
2147488006	
2147490686	
2147486284	
2147486273	
2147487362	
2147487306	
2147490553	
2147488199	
2147486365	
2147490675	
2147486423	
2147487261	
2147487248	
2147488054	
2147487993	
2147499463	
2147490659	
2147490605	
2147487407	
2147490511	
2147490819	
2147489716	
2147487283	
2147491653	
2147487949	
2147491677	
2147490546	
2147490780	
2147489755	
2147487400	
2147487399	
2147487280	
2147486176	
2147489658	
2147488180	
2147489657	
2147488004	
2147488197	
2147491891	
2147491724	
2147487358	
2147487405	
2147545054	
2147489737	
2147483876	
2147490495	
2147490788	
2147489712	
2147484409	
2147509056	
2147488201	
2147491897	
2147487078	
2147487377	
2147487994	
2147490494	
2147490797	
2147487300	
2147491668	
2147487290	
2147491726	
2147484803	
2147487262	
2147491676	
2147487998	
2147487990	
2147487298	
2147486291	
2147487951	
2147488148	
2147486261	
2147493262	
2147490893	
2147490624	
2147490531	
2147487972	
2147491885	
2147487274	
2147489754	
2147487281	
2147486417	
2147493227	
2147486321	
2147490658	
2147491765	
2147488150	
2147486432	
2147507468	
2147501511	
2147490801	
2147487356	
2147507470	
2147493274	
2147486374	
2147490758	
2147493236	
2147489659	
2147491917	
2147487979	
2147484752	
2147490667	
2147490518	
2147491921	
2147487869	
2147486457	
2147487954	
2147491664	
2147487288	
2147491848	
2147490954	
2147486315	
2147490625	
2147488049	
2147486437	
2147490609	
2147488037	
2147490762	
2147487299	
2147487279	
2147490789	
2147490671	
2147490657	
2147490654	
2147487171	
2147491698	
2147491715	
2147487252	
2147491894	
2147489751	
2147490551	
2147487347	
2147487309	
2147491666	
2147487354	
2147491927	
2147491705	
2147488055	
2147486296	
2147488040	
2147487403	
2147490623	
2147488035	
2147490817	
2147494467	
2147489852	
2147491763	
2147489742	
2147486350	
2147486263	
2147490691	
2147507467	
2147491680	
2147486249	
2147493268	
2147487976	
2147501454	
2147484778	
2147489748	
2147488008	
2147486413	
2147491711	
2147491906	
2147490845	
2147490462	
2147487254	
2147487303	
2147486388	
2147491923	
2147493357	
2147486323	
2147490809	
2147486447	
2147490802	
2147486252	
2147487270	
2147489851	
2147490717	
2147489660	
2147491804	
2147486391	
2147488193	
2147489691	
2147490716	
2147488195	
2147488191	
2147487406	
2147491849	
2147490874	
2147487294	
2147490757	
2147494455	
2147486339	
2147491683	
2147490539	
2147490544	
2147488005	
2147487301	
2147486285	
2147487291	
2147490785	
2147487961	
2147490581	
2147490472	
2147508062	
2147490962	
2147486440	
2147493239	
2147488034	
2147487983	
2147486384	
2147493257	
2147486383	
2147490504	
2147490509	
2147490616	
2147492761	
2147488020	
2147487381	
2147490596	
2147491852	
2147491901	
2147486355	
2147488022	
2147491675	
2147491682	
2147490813	
2147490676	
2147487286	
2147488007	
2147490673	
2147490505	
2147486446	
2147486299	
2147491875	
2147486326	
2147487297	
2147490703	
2147491718	
2147491674	
2147491685	
2147489725	
2147486400	
2147507474	
2147490565	
2147490750	
2147489717	
2147491661	
2147489664	
2147490773	
2147487968	
2147490664	
2147487249	
2147487292	
2147487269	
2147489727	
2147490559	
2147483884	
2147501455	
2147486248	
2147490646	
2147491713	
2147487273	
2147490779	
2147493762	
2147486332	
2147493364	
2147491904	
2147489655	
2147484148	
2147490891	
2147491854	
2147490961	
2147487251	
2147491883	
2147489750	
2147486349	
2147487295	
2147490583	
2147486312	
2147484151	
2147486293	
2147487302	
2147491672	
2147486386	
2147493376	
2147488155	
2147490499	
2147490527	
2147489759	
2147508064	
2147490532	
2147489743	
2147490951	
2147491936	
2147509057	
2147490463	
2147486334	
2147491905	
2147489872	
2147489661	
2147508050	
2147486422	
2147493226	
2147509049	
2147504516	
2147491656	
2147490831	
2147493224	
2147489860	
2147487996	
2147490644	
2147491657	
2147504515	
2147493367	
2147487282	
2147490662	
2147490776	
2147500754	
2147490832	
2147490690	
2147493193	
2147486259	
2147490630	
2147489696	
2147490749	
2147490592	
2147489734	
2147490503	
2147490620	
2147487296	
2147491884	
2147486366	
2147490467	
2147490790	
2147489763	
2147487975	
2147490684	
2147487967	
2147489704	
2147491888	
2147487395	
2147483854	
2147491903	
2147486454	
2147487277	
2147487953	
2147490827	
2147493381	
2147489703	
2147490640	
2147487982	
2147490783	
2147489662	
2147490903	
2147486288	
2147490660	
2147493197	
2147490873	
2147489714	
2147490870	
2147490775	
2147493277	
2147491665	
2147490525	
2147490787	
2147489683	
2147490837	
2147490818	
2147486317	
2147489692	
2147491659	
2147489857	
2147490793	
2147486308	
2147490784	
2147507456	
2147492958	
2147490586	
2147487323	
2147507457	
2147489735	
2147491678	
2147490828	
2147487991	
2147490580	
2147487962	
2147484789	
2147490582	
2147483904	
2147486449	
2147490796	
2147483923	
2147491893	
2147493217	
2147486256	
2147489878	
2147486438	
2147489875	
2147486439	
2147489752	
2147489853	
2147486410	
2147493453	
2147486451	
2147507454	
2147492762	
2147490883	
2147490448	
2147491934	
2147490966	
2147487973	
2147487865	
2147511454	
2147491751	
2147486282	
4211094421	Sea-Tac Airport
2147489669	
2147491750	
2147490634	
2147491697	
2147490543	
2147486290	
2147491651	
2147483857	
2147486295	
2147483909	
2147490642	
2147493196	
2147508051	
2147490482	
2147493363	
2147484161	
2147488152	
2147487352	
2147497253	
2147504518	
2147487380	
2147493228	
2147486408	
2147484348	
2147483951	
2147487970	
2147490697	
2147493251	
2147490833	
2147491748	
2147483899	
2147504504	
2147490465	
2147491880	
2147489858	
2147490663	
2147490591	
2147489724	
2147490607	
2147509455	
2147500750	
2147486278	
2147490848	
2147490519	
2147491792	
2147489760	
2147491048	
2147493761	
2147490866	
2147489693	
2147490799	
2147493263	
2147525152	
2147493766	
2147490638	
2147486385	
2147489694	
2147484781	
2147490904	
2147486337	
2147490645	
2147486382	
2147492959	
2147486254	
2147489868	
2147486328	
2147487391	
2147483848	
2147489856	
2147484764	
2147487175	
2147491783	
2147509050	
2147483856	
2147491931	
2147492957	
2147490815	
2147486361	
2147490597	
2147491769	
2147489738	
2147489677	
2147490830	
2147490843	
2147492849	
2147490502	
2147483911	
2147487341	
2147489886	
2147489863	
2147489708	
2147483863	
2147491648	
2147490692	
2147483865	
2147486434	
2147484154	
2147489695	
2147490615	
2147493373	
2147486367	
2147493749	
2147535050	
2147483868	
2147490486	
4211094411	Pioneer Square
2147493299	
2147493379	
2147490566	
2147489706	
2147483914	
2147490963	
2147508061	
2147491773	
2147545053	
2147489707	
2147490694	
2147489882	
2147483837	
2147525250	
2147491796	
2147490849	
2147483873	
2147490842	
2147489702	
2147486260	
2147490906	
2147504520	
2147489883	
2147491693	
2147484169	
2147483879	
2147484401	
2147493383	
2147483898	
2147490764	
2147490898	
2147483827	
2147483770	
2147490820	
2147489739	
2147487250	
2147483892	
2147483901	
2147490507	
2147483913	
2147489864	
2147483916	
2147493764	
2147493759	
2147507463	
2147489726	
2147490829	
2147492772	
2147491777	
2147489728	
2147493350	
2147493250	
2147491704	
2147483948	
2147491924	
2147491762	
2147486277	
2147493188	
2147486264	
2147491782	
2147484156	
2147490538	
2147490614	
2147493230	
2147487372	
2147490791	
2147493753	
2147483866	
2147490887	
2147483855	
2147486406	
2147489709	
2147489865	
2147486286	
2147490557	
2147486279	
2147483889	
2147486450	
2147491813	
2147491820	
2147483860	
2147484835	
2147486266	
2147490641	
2147490956	
2147492758	
2147525251	
2147489721	
2147489715	
2147483895	
2147489733	
2147483885	
2147490674	
2147489866	
2147490490	
2147489729	
2147489887	
2147490825	
2147483883	
2147490838	
2147483823	
2147483869	
2147490705	
2147484167	
2147492857	
2147484149	
2147483902	
2147483953	
2147487133	
2147490563	
2147493218	
2147492954	
2147490786	
2147489681	
2164169479	
2147493305	
2147525158	
2147490461	
2147491757	
2147490800	
2147487385	
2147492950	
2147487256	
2147483900	
2147492749	
2147490471	
2147491052	
2147491754	
2147493754	
2147483864	
2147491054	
2147490834	
2147483891	
2147493349	
2147490839	
2147492953	
2147492743	
4211094415	Beacon Hill
2147490636	
2147490709	
2147491779	
2147490824	
2147483922	
2147484168	
2147489877	
4194317181	40th St NB
2147490479	
2147490561	
2147490536	
2147484380	
2147487311	
2147490666	
2147490854	
2147492851	
2147487182	
2147525154	
2147487325	
2147484394	
2147487263	
2147483880	
2147483875	
2147483908	
2147484160	
2147486304	
2147525162	
2147491834	
2147484816	
2147492751	
2147492865	
2147525159	
4177535843	Broadway/Terrace NB
2147484382	
2147492951	
2147484428	
2147484398	
134227730	
2147490811	
2147483925	
2147491824	
2147525164	
2147525165	
2147490795	
2147484165	
2147493752	
2147484808	
2147492870	
2147493360	
2147490823	
2147484420	
2147490558	
2147525253	
2147490589	
2147484413	
2147484389	
2147491808	
2147484381	
2147484404	
2147484385	
2147484436	
2147493353	
2147491832	
2147484442	
2147484432	
2147487345	
2147492757	
4211094410	University St
2147535049	
2147483886	
2147483878	
2147484407	
2147484421	
2147484403	
2147489758	
2147490626	
2147493359	
2147487097	
2147492862	
2147492850	
2147487260	
2147486300	
2147545055	
2147493457	
2147483887	
2147487371	
2147486436	
2147484749	
2147486427	
2147487329	
2147491946	
2147484753	
2147493465	
2147486985	
2147490867	
2147486148	
2147491776	
2147492855	
2147483877	
2147491831	
2147483917	
2147483915	
2147484159	
2147483849	
2147484166	
2147493387	
2147487394	
2147484766	
2147490562	
2147486950	
134227832	Fauntleroy
2147490517	
2147490468	
2147493461	
2147491819	
2147491798	
2147492860	
2147487855	
2147490537	
2147490469	
2147491795	
2147491828	
2147545052	
2147491844	
2147484395	
134227837	Edmonds
2147490484	
2147484435	
2147483920	
2147493198	
2147484387	
2147484384	
2147491803	
2147484408	
2147491842	
2147490501	
2147490847	
2147484405	
2147491780	
2147484431	
2147491774	
2147484158	
2147493223	
2147490896	
2147487331	
2147490585	
2147487389	
4194317230	S 312th St NB
2147493466	
2147491800	
4211094412	International Dist
2147491772	
2147490698	
2147483859	
2147483893	
2147483906	
2147491812	
2147486289	
4194317183	Colby Ave EB
134227839	Mukilteo
2147490814	
2147491840	
2147484406	
2147484410	
2147487333	
2147490622	
150994949	Kent
2147490594	
2147484761	
2147487040	
2147487208	
2147491838	
2147490493	
2147490612	
2147483882	
2147484164	
2147490556	
2147492755	
2147483897	
2147490669	
2147490861	
2147491825	
2147545050	
2147483765	
2147491801	
2147490864	
2147491807	
2147487255	
2147484439	
2147491802	
2147487045	
	
2147490475	
2147484775	
2147484170	
2147492863	
2147491793	
2147493244	
2147493362	
2147492748	
2147492858	
2147486335	
2147491778	
2147484162	
2147490497	
2147490481	
2147483921	
2147484426	
2147483871	
4194317186	Everett Station
2147525160	
2147483862	
2147484768	
2147491837	
2147490485	
4211094414	SODO
2147483836	
2147487167	
2147486314	
2147491821	
2147492848	
2147483839	
2147492745	
2147486333	
2147484748	
2147492754	
4194312193	Andover/Baker SB
2147483847	
2147493365	
2147491761	
2147491764	
2147491797	
2147490875	
2147490810	
2147491794	
2147483950	
2147484434	
2147484783	
4194317213	S 200th St SB
2147483912	
2147483874	
2147483872	
2147493254	
2147490610	
2147483842	
2147493354	
2147493460	
2147483919	
2147491829	
2147490474	
2147492869	
2147491811	
2147493366	
2147484153	
2147483905	
2147483954	
2147489469	
2147483844	
2147489468	
2147483845	
2147490593	
150994948	Tukwila
2147487353	
2147492853	
2147491760	
134227829	Seattle Pier 52
2147490552	
2147492867	
2147484383	
2147492760	
2147490470	
2147493355	
2147493386	
2147483894	
2147491752	
2147491787	
2147492856	
2147483962	
2147483816	
2147483907	
2147483858	
2147484765	
2147491788	
2147493374	
2147491799	
2147491768	
2147491789	
2147487332	
2147493235	
2147487314	
4194312148	3rd Ave/Seneca SB
2147484787	
4211094416	Mt Baker
2147492866	
2147487364	
2147487189	
4177535836	S Jackson/5th Ave S EB
2147491843	
4211094418	Othello
4194312179	W Mercer/3rd W EB
2147491775	
2147490613	
2147491827	
2147491755	
2147484423	
4177535839	S Jackson/13th Ave S
2147490498	
2147525151	
2147545051	
2147491806	
2147486409	
2147484804	
2147487351	
2147487320	
2147483955	
2147492955	
2147484157	
2147487278	
150994952	Puyallup
2147483924	
2147483768	
2147484422	
2147484400	
2147484399	
2147484425	
2147484448	
4194312234	Aurora N & N 85 SB
2147484418	
2147486402	
2147483815	
2147483961	
2147492752	
2147483974	
2147483769	
2147483829	
2147484429	
4211094413	Stadium
2147489688	
2147483841	
2147483918	
2147493750	
2147492756	
4194317838	Federal Way TC Bay 7
2147483888	
2147483903	
2147483851	
2147489689	
2147492740	
2147491841	
4194317185	Aurora Village TC
2147490804	
2147491771	
2147492770	
2147483881	
2147483870	
2147491759	
2147487390	
2147483766	
4194317169	148th St NB
2147483764	
2147491836	
2147493464	
2147484412	
2147483840	
2147483952	
4194312175	3rd Ave/Bell NB
4211094419	Rainier Beach
2147483834	
4177535785	McGraw Square
2147490778	
2147486981	
2147492864	
2147491784	
2147484349	
2147525157	
4194312194	Tukwila Comm Rail/Bay EB
2147484443	
2147484774	
2147484441	
2147483964	
2147490955	
2147490567	
2147490564	
2147486330	
2147484440	
2147489870	
2147484379	
150994950	Auburn
2147492960	
2147483759	
2147493368	
4194317178	Casino Rd SB
2147525150	
2147484392	
4194317170	148th St SB
4194317180	50th St SB
2147490679	
2147525156	
4194317218	S 216th St NB
4194317162	238th St SB
2147484390	
2147483761	
150994951	Sumner
2147484411	
2147483957	
2147492753	
2147483846	
2147491781	
2147484672	
2147492759	
2147486431	
2147491839	
2147484438	
2147489470	
2147491785	
2147490547	
2147486351	
2147491845	
150994953	Tacoma Dome
2147483831	
4194317188	Merrill Creek
4194312305	Westlake/Harrison SB
2147483965	
2147484670	
4194317179	50th St NB
2147492747	
2147491816	
4194312134	SW Alas/Faunt SW WB
4194312246	Aurora N&N NGate W NB
2147483760	
4211094417	Columbia City
4194317222	S 240th St NB
4194312152	3rd Ave/Columbia NB
2147492813	
2147483767	
2147483861	
2147483821	
4194312164	15 NW/NW 65 SB
2147492750	
2147525252	
2147493760	
2147493757	
2147493767	
4194312178	3rd Ave/Virginia SB
4194312153	Columbia/2nd Ave WB
2147486310	
2147492742	
2147490822	
2147484419	
2147491790	
4177535787	Westlake & Denny NB
2147487384	
2147483976	
4194312149	3rd Ave/Seneca NB
4194312302	Westlake/9th NB
2147493765	
2147487365	
2147493763	
2147492746	
4194317164	216th St SB
2147525149	
4194312101	Bellevue Transit Ctr
2147487326	
4194312220	Aurora Village TC
2147484393	
4194312222	Aurora N & N 185 SB
2147535051	
2147484171	
150994946	Edmonds
2147483958	
2147484777	
2147491830	
2147491051	
2147493770	
2147484673	
2147484430	
2147484433	
2147489667	
4194312167	15 NW/NW Market SB
2147484388	
2147484424	
2147487267	
4194317191	112th St NB
4194312147	3rd Ave/Pike NB
4194312237	Aurora N & N 46 SB
2147493758	
134227840	Clinton
2147493200	
2147486387	
4194317165	200th St NB Heron
2147483890	
4194312306	Westlake/9th SB
2147483758	
2147487031	
4194317175	4th Ave NB
4194312190	Burien TC/Bay 6 SB
4211091569	Angle Lake Station
2147493755	
4177535788	Terry & Thomas NB
4194312201	Andover/Baker NB
4194312242	Aurora N & N 46 NB
4194317209	S 182nd St SB
4194312161	15 NW/NW 85 SB
4177535846	Broadway/Marion SB
4177535847	Broadway/E Pike SB
2147483757	
2147484391	
2147493293	
4194317176	4th Ave SB
4194317184	Wetmore Ave WB
4177535786	Westlake & 7th NB
2147483910	
4194312248	Aurora N & N 135 NB
2147483977	
2147493351	
4194317206	Tukwila Link Bay 1
2147493378	
2147493771	
2147484791	
4177535838	S Jackson/7th Ave S
2147483896	
4177535841	E Yesler Wy/Broadway EB
4194312231	Aurora N & N 100 SB
4194312104	156th NE/NE 10th NB
2147484665	
4194317177	Casino Rd NB
4194312247	Aurora N & N 130 NB
4194312197	N 10/Garden Ave N WB
4194312160	15 NW/NW 85 NB
4194312146	3rd Ave/Pike SB
4194312136	SW Alas/Calif Ave WB
4194317229	S 312th St SB
2150481671	
2147492817	
2147493756	
4194312154	Prefontaine/Yesler NB
2147484172	
4194312226	Aurora N & N 135 SB
2147493768	
2147490521	
2147484802	
2147491833	
2147492814	
2147493769	
4194312243	Aurora N & N 85 NB
2147486403	
2147487393	
4194317220	Kent Des Moines NB
2147493459	
2147492810	
2147492819	
2147491835	
2147491823	
2147489471	
2147489472	
2147493186	
2147490473	
2147486362	
2147488256	
2147491810	
2147490464	
2147490540	
2147490971	
2147493269	
2147489675	
2147493215	
2147487324	
2147487339	
2147491826	
2147491847	
2147490777	
2147487330	
2147491814	
2147490555	
2147493237	
2147491660	
2147489854	
2147491057	
2147490611	
2147491766	
2147487367	
2147493219	
2147490550	
2147490496	
2147491815	
2147491053	
2147490844	
2147486390	
2147493225	
2147490492	
2147493220	
2147488259	
2147491767	
2147490974	
2147488255	
2147490973	
2147490568	
2147490704	
2147490976	
2147490975	
2147488251	
2147491058	
2147491055	
2147488253	
2147488252	
2147484414	
2147484427	
4194312191	Tukwila LLR/S154 WB
2147488254	
2147490514	
2147484351	
4194312163	15 NW/NW 65 NB
2147488258	
2147490977	
4177535794	Westlake & 9th SB
4194317173	Airport Rd NB
4194312198	Renton TC Bay 3/Logan EB
4194312143	Fauntleroy Ferry NB
2147484674	
4194317182	41st St SB
4194317207	S 176th St SB
4194317187	Pecks Drive SB
4194317221	S 240th St SB
4194312116	156th NE/NE 10th SB
4194312144	SW Barton/35 SW WB
4194317190	112th St SB
4177535840	14th Ave S/Washington
4194312137	SW Alas/Calif Ave EB
2147493377	
2147488257	
4194317171	Lincoln Way NB
4194312172	Elliot W/W Prosp NB
4194317189	Madison NB
4194312169	15 NW/NW Leary SB
4194312162	15 NW/NW 70 SB
2147484666	
2147484675	
4194312227	Aurora N & N 130 SB
4194312176	3rd Ave/Bell SB
2147490599	
4194312199	S 7/Rainier WB
4194317226	S 272nd St NB
4177535792	Westlake & Mercer_SB
4194317208	S 176th St NB
4194312182	1st N/Republican NB
134227834	Southworth
4194317211	S 188th St SB
4194312174	3rd Ave/Cedar SB
4194312132	35th SW/SW Aval SB
4194312133	35th SW/SW Aval NB
4194312113	156th NE at OTC SB
4194312115	156th NE/NE 15th SB
4177535793	Westlake & Thomas_SB
4194312188	15 W/W Armory SB
2147484676	
2147488249	
4194317224	S 260th St NB
2147492812	
4194312138	Calif SW/SW Findl SB
2147483762	
2147489473	
4194317251	204th St SB
4194317174	Airport Rd SB
151002625	Mukilteo
4194317161	238th St NB
2147484772	
4194312166	15 NW/NW Market NB
4194312177	3rd Ave/Virginia NB
4194312230	Aurora N & N 105 SB
4194312145	SW Barton/26 SW EB
4194312233	Aurora N & N 90 SB
4194312139	Calif SW/SW Findl NB
4194312229	Aurora N & N 115 SB
2147492816	
4194312165	15 NW/NW 60 SB
4194312301	Blanchard/6th EB
2147492818	
2147492807	
4194312223	Aurora N & N 175 SB
4194312181	Queen Anne/Mercer SB
4194317216	S 208th St NB
4194312189	W Mercer/3rd W WB
2147483654	
2147483672	
4194312200	Tukwila Rail/Bat WB
4194312142	Fauntleroy Ferry SB
151009253	South Tacoma
4194312130	SW Aval/SW Bradf SB
4194312151	3rd Ave/Columbia SB
4194312228	Aurora N & N 125 SB
2147483843	
4194317167	176th St NB Cherry Hill
134227836	Point Defiance
134227838	Kingston
134227830	Bremerton
134227831	Bainbridge Island
2147484669	
151002626	Lakewood
4177535842	E Yesler Wy/Broadway WB
4194317163	216th St NB Gateway
4177535791	Fairview & Campus
4194312245	Aurora N & N 100 NB
4194312109	Redmond Transit Ctr
2147483756	
2147483754	
4177535835	Occidental S/S Jackson
4194317839	Z Line Test Location
4194312171	15 W/W Dravus SB
4194312235	Aurora N & N 76 SB
4177535837	S Jackson/5th Ave S WB
4194312185	15 NW/NW 80 SB
4194317172	Lincoln Way SB
4194312225	Aurora N & N 145 SB
4194317166	196th St SB Crossroads
4194312251	Aurora N & N 185 NB
4177535844	Broadway/Terrace SB
4194312140	Faunt SW/Calif SW WB
4194312221	Shoreline P&R
4194312187	15 W/W Emerson SB
134227842	Keystone
4194312180	Mercer/Queen Anne WB
4194312195	Rainier/S 7th NB
4194312105	156th NE/NE 15th NB
2147484350	
4194312131	SW Aval/SW Yancy NB
4177535848	Broadway/E Pine NB
4194312108	148th NE/NE 51st NB
4194312304	Westlake/Mercer SB
4194312183	Queen Anne/W John SB
2147483663	
4194312135	SW Alas/Faunt SW EB
4177535845	Broadway/Boylston NB
4194312173	3rd Ave/Vine NB
4194317214	S 200th St NB
4194317225	S 272nd St SB
4194317217	S 216th St SB
2147484378	
4194312111	148th NE/NE OldRed SB
4194312232	Aurora N & N 95 SB
4194312168	15 NW/NW Leary NB
134227841	Port Townsend
4194312303	Valley/Fairview SB
2149658375	
4194312117	NE 8th/140th NE WB
4194312103	NE 8th/140th NE EB
4194312112	148th NE/NE 51st SB
2147483650	
134227843	Anacortes
4194317228	S 288th St NB
4194312186	15 NW/NW 75 SB
4194312141	Calif SW/Faunt SW NB
4194317318	
4194312236	Aurora N & N 65 SB
4194312250	Aurora N & N 160 NB
4194317227	S 288th St SB
4194317215	S 208th St SB
4194312224	Aurora N & N 160 SB
4194317168	174th St SB International
4194312106	NE 24th/Bel-Red WB
2147491294	
2147483664	
4194317212	S 188th St NB
4194312249	Aurora N & N 145 NB
4194312239	Wall St & 5th Ave WB
4194317219	Kent Des Moines SB
4194312110	148th NE/NE 87th SB
4194317210	S 182nd St NB
4194312102	NE 8th/124th NE EB
4194312244	Aurora N & N 91 NB
4194312107	156th NE at OTC NB
4194312118	NE 8th/124th NE WB
2147483653	
4194312150	Seneca/2nd Ave EB
4194312196	Renton TC Bay 2/Burnett S WB
4194312192	Southcenter/62nd Ave S EB
4194312170	15 W/W Dravus NB
4194317325	
4194317302	
4194317330	
4194317324	
4194317327	
4194317326	
4194317321	
4194317333	
4194317308	
4194317300	
4194317319	
4194317322	
4194317331	
4194317323	
4194317301	
4194317320	
4194317328	
4194317314	
4194317329	
4194317332	
4194317306	
4194312400	
4194312410	
